Entity,Code_x,Schizophrenia (%),Bipolar disorder (%),Eating disorders (%),Anxiety disorders (%),Drug use disorders (%),Depression (%),Alcohol use disorders (%),religious/spiritual activities,healthy lifestyle behaviors,work situation,personal relationships,Talked to friends or family,Took prescribed medication,in nature,mental health_professional,Have been anxious,Mental health units,Population,Continent,Code_y,GDP per capita
Afghanistan,AFG,0.166158,0.708089,0.107142,4.882481,2.473934,4.136347,0.661217,,,,,,,,,,0.01186,37769499.0,Asia,AFG,497.7414313
Albania,ALB,0.201025,0.70448,0.174046,3.385245,0.517614,2.208414,1.837955,36.1776,67.716934,39.660843,54.192497,86.524994,40.897434,88.64183,34.499058,12.32602,0.06841,2854191.0,Europe,ALB,5396.214243
Algeria,DZA,0.197913,0.818687,0.213612,5.065876,1.717218,3.661094,0.665191,,,,,,,,,7.6590347,0.06772,42705368.0,Africa,DZA,4530.101745
American Samoa,ASM,0.248557,0.468305,0.177808,3.315834,0.772801,2.939668,1.142277,,,,,,,,,,,47321.0,,ASM,13672.57666
Andean Latin America,,0.201471,0.881737,0.355475,4.267738,0.661481,2.610385,1.533573,,,,,,,,,,,,,,
Andorra,AND,0.263512,0.963331,0.644559,5.305375,0.910066,3.729532,1.25605,,,,,,,,,,,76343.0,Europe,AND,41328.6005
Angola,AGO,0.172794,0.623904,0.173643,3.296906,0.519556,4.160484,1.378244,,,,,,,,,,,32353588.0,Africa,AGO,2191.347764
Antigua and Barbuda,ATG,0.206409,0.925269,0.350368,4.604823,0.786239,2.557963,2.159736,,,,,,,,,,,92117.0,North America,ATG,18730.0048
Argentina,ARG,0.198094,0.773376,0.404033,6.283678,1.008901,3.665488,1.824515,48.529037,73.14098,52.18955,73.66945,71.9629,37.718056,80.908936,48.319183,35.31663,1.07099,44938712.0,South America,ARG,9963.674162
Armenia,ARM,0.197365,0.717591,0.167047,2.592813,0.50436,2.754583,1.964988,,,,,,,,,,0.06856,2820602.0,Europe,ARM,4828.504886
Australasia,,0.359991,1.15179,0.903106,6.884913,2.276766,4.524689,1.613586,,,,,,,,,,,,,,
Australia,AUS,0.363326,1.142097,0.943081,6.584301,2.315142,4.623881,1.511935,19.388412,78.53241,55.528122,58.101604,83.661896,71.37634,79.70587,75.43173,27.257576,0.60085,25334826.0,Oceania,AUS,55049.57192
Austria,AUT,0.256958,0.939794,0.675112,5.341275,0.902117,3.26097,1.824065,33.628178,82.49303,61.855377,47.036987,87.92614,57.572258,79.15044,70.524086,15.339011,0.26502,8879920.0,Europe,AUT,50067.58573
Azerbaijan,AZE,0.199998,0.689807,0.204891,2.583157,0.486328,2.592293,2.305889,,,,,,,,,,0.0208,10024283.0,Europe,AZE,4805.753718
Bahamas,BHS,0.203668,0.889432,0.36275,4.655024,0.816652,2.626633,2.108371,,,,,,,,,,0.25851,,North America,,
Bahrain,BHR,0.206969,0.836822,0.273714,4.673304,1.695674,3.879105,0.723558,51.516064,71.672745,49.27055,67.351326,79.08222,35.087814,76.39494,30.742939,26.374542,,1494188.0,Asia,BHR,25869.11291
Bangladesh,BGD,0.2526,0.583419,0.137974,4.283989,0.5128,4.110611,1.462198,46.563572,40.80793,50.399834,37.928905,65.628235,18.87141,47.59459,15.696865,19.77898,0.03474,165516222.0,Asia,BGD,2122.037652
Barbados,BRB,0.229386,0.919956,0.320599,4.663044,0.842955,2.763322,1.57764,,,,,,,,,,0.35184,280180.0,North America,BRB,19156.03987
Belarus,BLR,0.19765,0.699677,0.210693,2.946932,0.779868,4.022226,5.342888,,,,,,,,,,0.06325,9419758.0,Europe,BLR,6837.768321
Belgium,BEL,0.258073,0.947159,0.603869,5.212645,0.823451,4.109186,1.465639,14.50429,62.56355,46.59995,50.655163,76.020325,64.07484,73.97376,71.84577,16.389187,0.55812,11488980.0,Europe,BEL,46641.7214
Belize,BLZ,0.194922,0.881647,0.25871,4.568548,0.836792,2.838667,1.784013,,,,,,,,,,1.9483,389095.0,North America,BLZ,6134.215233
Benin,BEN,0.170322,0.640206,0.12029,2.905294,0.505541,3.629899,0.988584,73.41682,69.37909,53.539635,61.5533,87.50481,59.201405,58.62989,37.806496,15.002898,,12290444.0,Africa,BEN,1170.885995
Bermuda,BMU,0.221154,0.974986,0.491449,4.692816,0.853379,2.826293,1.506917,,,,,,,,,,,63911.0,,BMU,116153.1661
Bhutan,BTN,0.267637,0.595887,0.17234,3.801432,0.534974,3.439334,2.374373,,,,,,,,,,0.127,767459.0,Asia,BTN,3564.598771
Bolivia,BOL,0.193936,0.854218,0.305251,4.243625,0.886177,3.085905,1.601923,47.506245,81.65489,61.071293,68.96559,81.56846,41.01212,83.14835,23.934847,38.38072,0.00932,11777315.0,South America,BOL,3472.380831
Bosnia and Herzegovina,BIH,0.200703,0.71819,0.172474,3.402636,0.433416,2.31961,2.828633,38.396427,73.94008,37.992146,66.66177,89.42567,62.897697,83.90577,64.30106,15.794312,0.53734,3360711.0,Europe,BIH,6094.724823
Botswana,BWA,0.181928,0.638943,0.227733,3.506339,0.75275,3.968129,1.614339,,,,,,,,,,0.22633,2499702.0,Africa,BWA,6691.160846
Brazil,BRA,0.205534,1.106915,0.277051,6.06918,1.061681,3.297368,2.683581,53.729458,72.57038,51.045258,74.34573,71.42405,44.71939,64.1756,46.255623,33.012047,0.11458,211782878.0,South America,BRA,8845.324149
Brunei,BRN,0.272368,0.629945,0.536252,3.621414,0.906697,2.561983,0.791919,,,,,,,,,,0.47899,,Asia,,
Bulgaria,BGR,0.202455,0.630776,0.202411,3.587521,0.704289,2.543141,1.820826,6.6898265,67.26316,50.637257,60.67117,85.093575,41.78128,78.67587,37.275566,28.832611,0.30652,6975761.0,Europe,BGR,9874.336326
Burkina Faso,BFA,0.164745,0.622074,0.113354,2.900239,0.444063,3.694254,1.001796,71.650955,70.91007,49.32151,59.11512,81.40154,52.244404,57.08445,39.494617,26.110977,0.28712,20951639.0,,BFA,765.2295604
Burundi,BDI,0.154394,0.613042,0.090802,3.58576,0.500084,3.721228,1.569309,,,,,,,,,,,11874838.0,Africa,BDI,216.9729709
Cambodia,KHM,0.208266,0.509922,0.108379,3.289745,0.570337,3.094945,0.844038,,,,,,,,,6.9223046,0.00644,16207746.0,Asia,KHM,1671.3854
Cameroon,CMR,0.170796,0.628202,0.13379,2.908663,0.588021,3.745647,1.024227,63.568485,79.35599,66.97163,75.16382,86.43171,52.659348,76.7072,35.662895,36.33164,,25782341.0,Africa,CMR,1538.563063
Canada,CAN,0.315588,0.716413,0.477304,5.178218,2.276229,3.988792,1.617937,29.156185,83.78147,56.140034,60.003414,84.21834,72.9736,82.182236,77.61447,24.215265,0.40112,37618495.0,North America,CAN,46352.86934
Cape Verde,CPV,0.18988,0.710184,0.169252,2.998977,0.630609,4.082451,1.00767,,,,,,,,,,0.56294,,Africa,,
Caribbean,,0.193847,0.884517,0.25921,4.563041,0.733036,3.065059,1.662187,,,,,,,,,,,,,,
Central African Republic,CAF,0.149087,0.59303,0.089183,3.24999,0.516703,4.211728,1.407712,,,,,,,,,,0.022,5209324.0,Africa,CAF,426.4087531
Central Asia,,0.192411,0.672902,0.172627,2.57219,0.511943,2.96912,2.422853,,,,,,,,,,,,,,
Central Europe,,0.205371,0.713509,0.217305,3.415223,0.677043,2.438713,2.021229,,,,,,,,,,,,,,
"Central Europe, Eastern Europe, and Central Asia",,0.197898,0.686838,0.205557,2.983414,0.718708,3.243674,3.500378,,,,,,,,,,,,,,
Central Latin America,,0.207671,0.795331,0.286315,2.96043,0.822284,2.697779,1.762195,,,,,,,,,,,,,,
Central Sub-Saharan Africa,,0.161344,0.621204,0.117588,3.263217,0.521061,4.017925,1.360875,,,,,,,,,,,,,,
Chad,TCD,0.168019,0.626775,0.122129,2.887049,0.4574,3.874837,0.943401,,,,,,,,,,0.00714,16126866.0,Africa,TCD,701.621201
Chile,CHL,0.20143,0.790591,0.416123,6.272084,1.25715,4.057723,2.44947,29.442854,76.449104,41.274147,74.81275,84.13164,61.50862,73.08272,66.788216,37.285408,0.17452,19039485.0,South America,CHL,14616.20725
China,CHN,0.338174,0.321906,0.159588,3.030969,1.113943,3.311306,1.220903,18.761171,69.90329,42.258675,51.827423,63.353428,32.706,66.57247,34.952682,8.565871,,1407745000.0,Asia,CHN,10143.86022
Colombia,COL,0.207211,0.768913,0.260257,2.514803,1.075526,2.196154,1.758512,59.967686,74.10246,60.171284,78.51473,85.64458,40.58397,82.57514,33.10809,30.246721,0.22186,50187406.0,South America,COL,6436.509215
Comoros,COM,0.170252,0.659469,0.110911,3.649877,0.505443,3.330114,1.509998,,,,,,,,,,0.12863,790986.0,Africa,COM,1510.797324
Congo,COG,0.16976,0.614345,0.161675,3.270745,0.560306,4.008291,1.44879,72.28799,72.747696,52.24882,64.94808,79.193275,48.305004,63.72878,35.24628,25.648352,0.04003,,Africa,,
Costa Rica,CRI,0.21389,0.843753,0.289342,2.936829,0.778956,2.904788,1.472594,55.38973,77.87039,54.79042,72.49933,75.73848,42.244644,80.45617,43.858498,33.137573,0.0416,5084532.0,North America,CRI,12669.34115
Cote d'Ivoire,CIV,0.170171,0.620477,0.136217,2.879312,0.503957,3.337989,1.009974,60.910683,61.929512,36.468803,53.974735,81.8161,45.18166,57.989788,18.839119,33.266792,0.01298,26147551.0,,CIV,2309.313583
Croatia,HRV,0.207565,0.720556,0.217975,3.447606,0.713971,2.779842,2.080532,27.312744,74.327934,33.21104,65.00948,87.80805,70.84487,81.677895,64.088554,11.787031,0.51936,4065253.0,Europe,HRV,15218.5258
Cuba,CUB,0.204501,0.943329,0.263159,4.623594,0.778,3.319131,1.734783,,,,,,,,,,0.14832,11316697.0,North America,CUB,9139.38051
Cyprus,CYP,0.252272,0.937285,0.506721,5.304908,0.580208,3.328111,1.110354,44.293118,69.99197,38.226036,50.989826,78.24367,28.826624,73.2286,56.159966,25.765331,0.17227,1228836.0,Europe,CYP,29419.99219
Czech Republic,CZE,0.209989,0.72157,0.242373,3.443601,0.978265,2.675387,2.097172,,,,,,,,,,,,,,
Democratic Republic of the Congo,COD,0.156883,0.622141,0.092542,3.25157,0.517094,3.956872,1.341113,,,,,,,,,,,,,,
Denmark,DNK,0.254017,1.005494,0.540025,5.314635,0.895411,3.291885,1.730723,16.050905,57.74685,48.82349,45.717518,76.89948,52.795513,78.06546,75.282425,18.341892,,5814422.0,Europe,DNK,59592.98069
Djibouti,DJI,0.175444,0.657575,0.13666,3.57065,0.52675,3.60901,1.592237,,,,,,,,,,,1073994.0,Africa,DJI,2876.043664
Dominica,DMA,0.199904,0.888732,0.277127,4.544904,0.89565,2.629649,2.100689,,,,,,,,,,,71428.0,North America,DMA,8561.587011
Dominican Republic,DOM,0.199462,0.891063,0.303058,4.558309,0.680033,2.978523,1.576405,69.43944,76.3712,69.91374,77.95735,89.972916,39.4342,80.90873,38.403286,38.433903,0.07598,10881882.0,North America,DOM,8173.344699
East Asia,,0.33518,0.32246,0.159511,3.041394,1.107724,3.302017,1.237431,,,,,,,,,,,,,,
Eastern Europe,,0.19657,0.680442,0.217029,2.94349,0.852237,3.802439,4.72986,,,,,,,,,,,,,,
Eastern Sub-Saharan Africa,,0.163459,0.623965,0.116033,3.645706,0.510433,3.824305,1.612554,,,,,,,,,,,,,,
Ecuador,ECU,0.202912,0.882945,0.363733,4.305357,0.668946,2.977117,1.706748,60.168716,88.759445,72.82648,85.87918,87.61079,51.58834,83.09851,54.595337,42.695652,0.17344,17343740.0,South America,ECU,6203.727051
Egypt,EGY,0.188117,0.775826,0.192942,4.361023,1.474476,3.238182,0.664616,50.724014,44.86046,25.952017,53.46195,72.08198,15.95659,47.67112,7.1438456,21.870832,,,Africa,,
El Salvador,SLV,0.197831,0.770585,0.243873,2.94522,0.61886,3.025887,2.65543,73.4358,80.8065,74.29682,77.660355,83.997345,63.724495,83.39334,46.754635,38.13536,0.25347,6280217.0,North America,SLV,4280.288404
England,,0.266007,1.107006,0.552932,4.53493,1.660924,4.119392,1.79212,,,,,,,,,,,,,,
Equatorial Guinea,GNQ,0.185334,0.62335,0.277337,3.278991,0.563293,4.16709,1.480769,,,,,,,,,,,1553031.0,Africa,GNQ,7317.390026
Eritrea,ERI,0.158711,0.617569,0.102503,3.665668,0.524821,3.867377,1.732617,,,,,,,,,,0.20631,3498818.0,Africa,ERI,
Estonia,EST,0.203978,0.708241,0.250271,2.962244,1.126665,3.848854,4.713617,13.352501,62.430256,43.577805,51.76033,74.37608,61.259014,79.68081,59.754574,18.549173,0.684,1326898.0,Europe,EST,23581.65684
Ethiopia,ETH,0.164823,0.627391,0.109817,3.731997,0.498949,3.816266,1.863893,66.57121,62.9166,57.021492,74.69701,72.80364,28.758259,51.51885,25.622267,12.970515,0.05207,114120594.0,Africa,ETH,840.4496013
Fiji,FJI,0.238572,0.452605,0.147253,3.282447,0.757352,3.171898,1.107545,,,,,,,,,,0.33627,918465.0,Oceania,FJI,5927.72419
Finland,FIN,0.257444,1.005826,0.594938,3.752062,0.951914,4.792736,2.605061,11.135731,69.24617,48.76859,49.452408,85.083595,62.72813,78.077644,83.76853,17.503534,0.74791,5521606.0,Europe,FIN,48629.85823
France,FRA,0.256238,0.958199,0.573755,6.62671,1.179268,4.253807,1.418958,17.190386,57.659435,46.33427,54.21385,71.624275,74.54138,75.21356,64.341225,26.823336,,67388001.0,Europe,FRA,40494.89829
Gabon,GAB,0.181546,0.638333,0.226577,3.299512,0.571614,4.049029,1.466265,70.82588,79.61103,40.49048,63.391388,82.5198,44.71403,54.090183,22.027765,24.393341,,2242785.0,Africa,GAB,7523.862278
Gambia,GMB,0.169677,0.646285,0.113298,2.913376,0.501447,4.158517,0.943238,,,,,,,,,,,,Africa,,
Georgia,GEO,0.196776,0.709099,0.17164,2.602456,0.494333,2.797379,2.083073,44.799385,68.189186,45.724995,53.831985,85.06311,56.773544,77.76093,26.66816,32.572884,0.07592,3720161.0,Europe,GEO,4741.283272
Germany,DEU,0.252269,0.776762,0.522066,6.540496,0.883827,3.959866,1.806475,12.392033,82.49715,48.04778,55.287243,87.444565,63.503086,81.20086,72.77237,19.286057,0.49077,83092962.0,Europe,DEU,46805.13843
Ghana,GHA,0.175606,0.643099,0.147452,2.936416,0.625915,3.396647,1.008257,57.636757,60.869633,42.700703,56.74458,67.62067,26.98448,50.234814,17.928251,18.093695,1.09488,31522290.0,Africa,GHA,2167.925276
Greece,GRC,0.252701,0.948926,0.559324,5.790228,0.552602,4.185864,1.124257,27.453985,67.76728,45.388798,50.92366,77.88381,41.507545,59.645454,49.91992,33.81431,0.32983,10721582.0,Europe,GRC,19143.88762
Greenland,GRL,0.32225,0.595421,0.539069,5.722163,1.994755,6.233635,3.086688,,,,,,,,,,,56225.0,,GRL,53309.20359
Grenada,GRD,0.199822,0.893647,0.288174,4.530095,0.774008,2.770066,1.745439,,,,,,,,,,0.93613,122724.0,North America,GRD,9887.920742
Guam,GUM,0.261254,0.478223,0.253393,3.308606,0.80633,3.492856,1.276184,,,,,,,,,,,168624.0,,GUM,37687.39918
Guatemala,GTM,0.193344,0.743332,0.23211,2.906947,0.678176,3.216025,2.642026,,,,,,,,,,0.00615,16604026.0,North America,GTM,4647.807541
Guinea,GIN,0.166393,0.629857,0.112388,2.901304,0.456326,3.560933,0.946133,55.93042,61.00395,55.534122,57.176514,79.842705,65.84057,63.37154,52.08458,18.56735,0.00827,12877539.0,Africa,GIN,1043.899886
Guinea-Bissau,GNB,0.163117,0.614791,0.110999,2.915177,0.482693,3.66543,0.979754,,,,,,,,,,,1970457.0,Africa,GNB,754.3816394
Guyana,GUY,0.186468,0.846088,0.237636,4.547027,0.732391,4.141724,2.064557,,,,,,,,,,0.13012,798753.0,South America,GUY,6477.296726
Haiti,HTI,0.172298,0.801382,0.16079,4.518425,0.64397,2.957782,1.649577,,,,,,,,,,0.00934,11160438.0,North America,HTI,1345.475055
High SDI,,0.294427,0.749471,0.492632,5.313508,1.842886,3.942007,1.58634,,,,,,,,,,,,,,
High-income,,0.28782,0.791747,0.528244,5.677996,1.893491,4.116486,1.575279,,,,,,,,,,,,,,
High-income Asia Pacific,,0.284882,0.651939,0.446689,3.636742,0.916817,3.27099,1.050259,,,,,,,,,,,,,,
High-middle SDI,,0.275017,0.580783,0.225377,3.785157,1.140474,3.568498,1.80594,,,,,,,,,,,,,,
Honduras,HND,0.189815,0.752072,0.203339,2.875551,0.705705,2.752301,1.768607,,,,,,,,,,,9958829.0,North America,HND,2498.509186
Hungary,HUN,0.205524,0.703435,0.237686,3.454657,0.699142,2.765242,2.107394,26.657217,62.082047,46.1428,55.37301,70.5068,45.364056,77.88779,63.681328,13.478218,2.6472,9771141.0,Europe,HUN,16786.21364
Iceland,ISL,0.257617,0.971122,0.558014,5.290988,0.725036,3.361665,1.249029,,,,,,,,,,4.54211,360563.0,Europe,ISL,68452.23622
India,IND,0.257864,0.557112,0.157758,3.301939,0.527411,3.529853,1.126607,46.679382,77.59706,65.319916,64.66976,82.82279,56.84162,71.74699,48.53677,22.55648,0.02972,1383112050.0,Asia,IND,2050.1638
Indonesia,IDN,0.230297,0.540591,0.148782,3.28022,0.588079,2.642736,0.650506,72.98657,84.935394,68.29369,80.767746,84.52044,45.8359,80.834015,43.486214,15.2455435,0.1042,269582878.0,Asia,IDN,4151.227554
Iran,IRN,0.201307,0.81576,0.231894,6.9009,1.97166,5.116345,0.579778,56.264618,61.33049,29.92804,61.065655,79.12761,45.45148,69.385574,40.354855,25.959785,0.20035,,Asia,,
Iraq,IRQ,0.189729,0.666431,0.208672,4.722673,1.569569,3.891163,0.651614,30.957253,52.957485,32.60856,52.612537,76.73829,32.616188,64.90544,15.225221,31.20851,0.06092,41563520.0,Asia,IRQ,5621.181695
Ireland,IRL,0.328008,0.805432,0.559995,5.839092,1.053862,4.250921,2.109848,59.227043,72.094185,51.98287,58.739597,82.88917,63.34675,82.38494,69.08606,17.621708,0.61701,4934340.0,Europe,IRL,80848.3019
Israel,ISR,0.259139,0.924802,0.461175,3.063078,0.71822,3.832221,0.498381,,,,,,,,,6.228855,0.1364,9054000.0,Asia,ISR,44452.23256
Italy,ITA,0.236197,0.946257,0.626784,5.626121,1.148015,3.464256,0.462937,37.18426,76.4891,54.5747,55.139214,85.10426,62.11947,84.97651,74.57626,16.981565,0.59492,59729081.0,Europe,ITA,33673.75096
Jamaica,JAM,0.19927,0.927605,0.25965,4.577528,0.947371,2.592385,1.427646,,,,,,,,,,0.06964,2813773.0,North America,JAM,5626.170459
Japan,JPN,0.295578,0.688354,0.454379,3.569054,0.918163,3.341565,0.58288,,,,,,,,,9.992401,0.45009,126633000.0,Asia,JPN,40415.95676
Jordan,JOR,0.193886,0.811332,0.188925,4.88835,1.620545,3.563602,0.657092,31.091248,41.178677,21.947979,50.68966,67.017586,28.47173,61.035038,17.095291,24.735323,0.03275,10698683.0,Asia,JOR,4159.653754
Kazakhstan,KAZ,0.199892,0.667338,0.227918,2.607806,0.605455,3.511775,3.369006,36.446976,75.29472,48.689663,52.776203,70.82149,59.524925,83.13863,29.349737,15.052165,,18513673.0,Asia,KAZ,9812.595526
Kenya,KEN,0.170836,0.641478,0.135005,3.643353,0.486994,3.508419,1.247794,78.93723,81.672935,61.680584,80.387695,87.82827,54.098003,62.571945,39.67129,32.246994,0.03176,50951450.0,Africa,KEN,1970.08007
Kiribati,KIR,0.208108,0.424041,0.093614,3.284168,0.720942,3.172754,1.051227,,,,,,,,,,,124241.0,Oceania,KIR,1745.732415
Kuwait,KWT,0.214851,0.865134,0.34658,4.967279,1.594543,3.635679,0.677425,,,,,,,,,,,4441100.0,Asia,KWT,31230.17295
Kyrgyzstan,KGZ,0.182097,0.664215,0.127525,2.562742,0.51165,3.053673,2.733093,38.57376,58.912827,42.463196,64.65831,65.83268,49.35139,61.87264,15.41396,17.298023,0.13639,,Asia,,
Laos,LAO,0.216455,0.533568,0.128172,4.224294,0.659139,2.912431,0.918019,54.213783,88.087395,67.42581,64.814445,95.364044,68.3357,83.12077,38.703228,11.332259,,,Asia,,
Latin America and Caribbean,,0.205103,0.930317,0.287486,4.438636,0.884335,2.946384,2.097731,,,,,,,,,,,,,,
Latvia,LVA,0.19951,0.696349,0.225275,2.94495,1.041688,3.499571,4.408781,16.857319,55.54621,43.011997,46.503036,73.28339,42.87858,74.41799,38.862625,19.319052,0.15055,1913822.0,Europe,LVA,17883.34941
Lebanon,LBN,0.198376,0.996153,0.219049,6.074356,2.227297,3.676734,0.659929,21.962563,39.217323,21.766975,35.618397,60.212986,28.97568,57.872253,18.011417,18.330364,0.13672,5781907.0,Asia,LBN,8925.42186
Lesotho,LSO,0.161376,0.606321,0.136801,3.481456,0.768875,5.636661,1.654872,,,,,,,,,,,2225702.0,Africa,LSO,1074.134047
Liberia,LBR,0.161454,0.630479,0.091591,2.881373,0.515267,3.803038,0.950462,,,,,,,,,,0.06667,4985289.0,Africa,LBR,665.8784476
Libya,LBY,0.192849,0.803737,0.195726,4.97646,2.607753,3.804791,0.680014,,,,,,,,,,,6569088.0,Africa,LBY,10972.90252
Lithuania,LTU,0.200982,0.700278,0.234095,2.937224,0.631073,4.143254,4.428001,,,,,,,,,7.7945113,0.68215,2794137.0,Europe,LTU,19615.54915
Low SDI,,0.210762,0.594374,0.122071,3.540415,0.581596,3.616999,1.265128,,,,,,,,,,,,,,
Low-middle SDI,,0.229452,0.612316,0.161039,3.645971,0.727076,3.63161,1.273662,,,,,,,,,,,,,,
Luxembourg,LUX,0.263622,0.934681,0.737917,5.316516,0.933753,3.617719,1.353234,,,,,,,,,,0.70579,620001.0,Europe,LUX,112726.4397
Macedonia,MKD,0.202672,0.711225,0.184161,3.391595,0.498625,2.332386,1.869546,,,,,,,,,,,,Europe,,
Madagascar,MDG,0.16428,0.632774,0.106417,3.583301,0.496779,3.708514,1.508369,,,,,,,,,,0.04539,27533134.0,Africa,MDG,512.2796656
Malawi,MWI,0.154533,0.606166,0.100349,3.660937,0.509184,3.446137,1.604984,,,,,,,,,,,18867337.0,Africa,MWI,587.1154647
Malaysia,MYS,0.252984,0.579224,0.201462,4.340783,0.673644,3.520854,0.644969,68.6238,77.49396,59.835167,60.341454,82.908806,27.11038,82.919014,24.742746,19.344215,0.15298,32804020.0,Asia,MYS,11132.10274
Maldives,MDV,0.244707,0.565133,0.157214,3.165132,0.696757,3.09997,0.834551,,,,,,,,,,0.239,504508.0,Asia,MDV,11349.85927
Mali,MLI,0.167751,0.628798,0.116675,2.888672,0.445888,3.00742,0.90405,77.97627,74.67608,61.97451,70.95999,82.08106,70.03972,60.915295,56.547176,18.90052,0.00572,20567424.0,Africa,MLI,840.1757464
Malta,MLT,0.257632,0.96295,0.51914,5.317984,0.864663,3.374137,1.109284,27.663393,68.478424,46.917458,60.289124,82.68385,61.17238,65.29331,58.26752,20.91646,,504062.0,Europe,MLT,31751.18118
Marshall Islands,MHL,0.218616,0.429062,0.111895,3.238921,0.774688,3.104347,1.224633,,,,,,,,,,,44728.0,Oceania,MHL,5186.833842
Mauritania,MRT,0.179205,0.6622,0.145276,2.933461,0.506015,3.094161,0.928977,,,,,,,,,,0.02391,4383849.0,Africa,MRT,1800.875187
Mauritius,MUS,0.242185,0.564757,0.184433,3.322963,0.71079,3.478524,1.303688,56.81488,74.62992,63.661655,67.260956,86.92501,37.03962,58.55495,25.127468,32.38782,0.0794,1265985.0,Africa,MUS,11403.25279
Mexico,MEX,0.211765,0.818921,0.316975,3.186326,0.820863,2.788807,1.729604,47.55565,82.82454,58.07246,74.93055,78.055336,43.40719,77.089134,46.40894,23.650629,0.00635,125085311.0,North America,MEX,10434.56762
Micronesia (country),FSM,0.219298,0.437294,0.109113,3.254045,0.774408,3.134619,1.18054,,,,,,,,,,,,,,
Middle SDI,,0.260102,0.54853,0.184486,3.342456,0.840859,3.177827,1.241516,,,,,,,,,,,,,,
Moldova,MDA,0.18371,0.680891,0.141701,2.887918,0.661416,3.432549,4.074256,47.82065,69.686806,32.12114,45.6028,84.50433,53.4431,80.024055,32.65784,18.653063,0.07378,2664224.0,Europe,MDA,4405.334182
Mongolia,MNG,0.190648,0.654601,0.180157,2.57518,0.530315,3.525488,3.478108,24.021748,67.692474,52.72376,60.30599,79.32224,35.463108,79.68196,22.856056,18.170506,0.47029,3232430.0,Asia,MNG,4394.94715
Montenegro,MNE,0.203248,0.712896,0.194161,3.423967,0.60265,2.55864,1.848102,,,,,,,,,7.4613748,0.31838,622028.0,Europe,MNE,8909.653876
Morocco,MAR,0.186616,0.781827,0.175569,4.986826,1.636353,5.413573,0.574866,28.363049,53.66353,15.173208,49.3291,73.616425,30.475817,72.283134,17.1925,16.526669,0.08045,36304408.0,Africa,MAR,3498.582764
Mozambique,MOZ,0.156176,0.611099,0.103227,3.672136,0.528699,3.901795,1.708856,,,,,,,,,,0.03927,30285595.0,Africa,MOZ,512.2157569
Myanmar,MMR,0.213915,0.510456,0.125738,3.313936,0.576855,2.300982,0.870378,58.548492,70.52709,39.761223,44.854546,73.42707,46.749012,48.55097,18.310575,13.909627,0.04198,53040212.0,,MMR,1415.248986
Namibia,NAM,0.177365,0.632491,0.200987,3.508308,0.775731,3.45997,1.668762,,,,,,,,,8.979812,0.08246,2446644.0,Africa,NAM,5126.176143
Nepal,NPL,0.246394,0.584927,0.128495,3.879455,0.501678,3.606939,1.527133,36.396072,79.96148,57.267483,52.243256,83.74065,37.241043,57.21969,46.105175,15.063962,0.06281,28832496.0,Asia,NPL,1185.682318
Netherlands,NLD,0.358487,0.9473,0.467844,6.620242,0.988877,4.026854,0.776602,12.731266,69.69109,52.614864,56.922443,82.921455,49.164993,80.9843,82.74158,23.50881,,17344874.0,Europe,NLD,52476.27325
New Zealand,NZL,0.341051,1.206088,0.67329,8.539931,2.049319,3.971265,2.193405,23.603004,74.37761,51.28471,49.71017,75.589424,69.73122,77.481094,74.73303,17.365873,0.60678,4979200.0,Oceania,NZL,42747.20993
Nicaragua,NIC,0.199563,0.79928,0.205876,2.9123,0.599889,2.854084,2.047305,69.00884,87.899376,72.80597,80.941956,85.740456,58.88539,82.19462,48.163048,35.3196,0.01644,6663924.0,North America,NIC,1905.640917
Niger,NER,0.163845,0.631572,0.096116,2.891358,0.462455,3.463055,0.911306,,,,,,,,,,0.03259,23443393.0,Africa,NER,549.8161278
Nigeria,NGA,0.182126,0.644635,0.163373,2.915837,0.461802,3.917691,0.964767,79.61398,69.28313,55.55149,68.47103,81.09143,43.29604,48.036205,15.6555,15.3876705,,203304492.0,Africa,NGA,2334.023642
North Africa and Middle East,,0.19572,0.791333,0.214377,4.943838,1.712406,3.96541,0.659221,,,,,,,,,,,,,,
North America,,0.33204,0.657692,0.50947,6.490707,3.338079,4.752802,1.997606,53.024467,79.07586,58.112545,67.51389,80.36922,60.56411,82.27631,63.396038,22.815329,,366012359.0,,NAC,63584.03774
North Korea,PRK,0.236198,0.326334,0.09091,3.240918,0.929488,3.090846,1.370886,,,,,,,,,,,,Asia,,
Northern Ireland,,0.262631,1.142527,0.523497,7.46427,1.229126,4.105621,1.141167,,,,,,,,,,,,,,
Northern Mariana Islands,MNP,0.258128,0.487045,0.195841,3.300622,0.791444,3.097055,1.466786,,,,,,,,,,,49858.0,,MNP,23687.27185
Norway,NOR,0.211484,0.856901,0.570363,7.585503,0.832286,3.77191,1.419003,14.538441,59.995953,53.426712,52.447567,75.18707,45.256138,63.919132,74.65955,22.682476,0.48078,5347896.0,Europe,NOR,76430.58895
Oceania,,0.214379,0.419199,0.110457,3.209406,0.740219,3.164265,1.194757,19.84918,78.07818,55.064205,57.184196,82.779366,71.19648,79.46265,75.35535,25.659658,,,,,
Oman,OMN,0.202474,0.787468,0.254958,4.519612,1.734114,3.433951,0.691763,,,,,,,,,,,4602768.0,Asia,OMN,19132.15227
Pakistan,PAK,0.256442,0.574046,0.154583,3.823379,0.656776,3.33128,1.532773,,,,,,,,,,0.42243,223293280.0,Asia,PAK,1437.165833
Palestine,PSE,0.188285,0.824968,0.143883,4.985536,1.522458,4.665074,0.64897,,,,,,,,,,,,,,
Panama,PAN,0.213259,0.812158,0.31665,2.891779,0.727573,2.679025,1.409489,,,,,,,,,,0.27713,4232532.0,North America,PAN,16472.83175
Papua New Guinea,PNG,0.209555,0.411127,0.10496,3.192717,0.738106,3.168661,1.212566,,,,,,,,,,,9542486.0,Oceania,PNG,2593.775554
Paraguay,PRY,0.202426,1.075629,0.238288,6.015214,0.527618,2.95884,2.384385,59.636852,80.09212,50.466183,59.973225,76.89931,42.035915,78.7737,39.23913,23.108562,0.03012,6530026.0,South America,PRY,5807.838794
Peru,PER,0.203293,0.890709,0.369216,4.259925,0.578556,2.276321,1.429939,56.20702,85.73192,72.650345,82.70601,84.922966,54.38118,85.459274,45.681732,49.34965,0.05737,32824861.0,South America,PER,6956.495749
Philippines,PHL,0.224422,0.535513,0.134855,3.26972,0.648898,2.765176,0.894195,49.365623,84.270584,67.59625,70.40088,94.9963,41.717888,77.751175,21.831205,19.656734,0.08258,110380804.0,Asia,PHL,3413.849044
Poland,POL,0.20781,0.712264,0.229485,3.461075,0.790932,2.250472,2.044346,27.881594,69.964645,36.660217,65.39474,84.898705,68.5301,74.02871,66.11285,20.60181,0.26133,37965475.0,Europe,POL,15700.01358
Portugal,PRT,0.249372,0.925815,0.513079,5.383261,0.709413,4.421461,1.262905,32.367702,80.49151,48.404198,52.53663,78.639946,67.66625,76.59218,58.517345,26.33028,0.28795,10286263.0,Europe,PRT,23330.81729
Puerto Rico,PRI,0.212347,0.942408,0.412628,4.683654,0.906125,2.726108,1.684373,,,,,,,,,,,3193694.0,,PRI,32916.8668
Qatar,QAT,0.21514,0.8199,0.318165,4.336059,2.024984,3.482327,0.731734,,,,,,,,,,0.0382,2807235.0,Asia,QAT,62827.39696
Romania,ROU,0.201195,0.751815,0.2007,3.227186,0.458056,2.359174,1.690183,44.47758,68.62652,25.702744,52.018707,83.580925,42.768414,80.47305,41.284595,15.480113,0.39242,19371648.0,Europe,ROU,12957.99911
Russia,RUS,0.1984,0.676063,0.232375,2.945051,0.905038,3.707925,4.727182,17.541325,61.63527,41.771442,64.40816,72.52477,41.115032,77.51596,24.984978,28.80622,,,Asia,,
Rwanda,RWA,0.163688,0.62571,0.115817,3.702435,0.570294,3.86945,2.342694,,,,,,,,,,0.39554,12835028.0,Africa,RWA,806.332472
Saint Lucia,LCA,0.199945,0.904806,0.286341,4.593078,0.889612,2.839268,1.909311,,,,,,,,,,,,North America,,
Saint Vincent and the Grenadines,VCT,0.196204,0.88044,0.274837,4.524137,0.793924,2.859089,2.240254,,,,,,,,,,,,North America,,
Samoa,WSM,0.234876,0.460366,0.126132,3.255973,0.844905,3.038938,1.109339,,,,,,,,,,0.51611,211905.0,Oceania,WSM,4308.300729
Sao Tome and Principe,STP,0.178482,0.663349,0.13484,2.921524,0.497441,3.136314,1.01729,,,,,,,,,,0.51137,214599.0,Africa,STP,1924.40815
Saudi Arabia,SAU,0.205707,0.817433,0.289615,4.754236,1.710318,3.536847,0.679911,,65.42329,38.515568,65.34663,68.85982,16.64432,76.44302,14.718273,29.95655,0.01268,35827362.0,Asia,SAU,23405.70874
Scotland,,0.238492,0.945159,0.471236,4.73573,1.916412,4.161067,3.327027,,,,,,,,,,,,,,
Senegal,SEN,0.173616,0.648156,0.12529,2.899331,0.478695,3.370497,0.921069,66.859535,68.23765,57.703644,48.696583,73.58441,57.25855,58.33919,42.83574,21.827152,0.02671,16000781.0,Africa,SEN,1462.678353
Serbia,SRB,0.200264,0.699141,0.187147,3.404672,0.441905,2.570068,2.018133,,,,,,,,,10.0786,0.40672,6945235.0,Europe,SRB,7417.206608
Seychelles,SYC,0.247689,0.565984,0.197452,3.30267,0.790406,2.886514,0.855465,,,,,,,,,,,97625.0,Africa,SYC,19141.51187
Sierra Leone,SLE,0.165455,0.624756,0.109799,2.880725,0.496263,3.581501,0.936624,,,,,,,,,,,8046828.0,Africa,SLE,506.6069138
Singapore,SGP,0.27409,0.730592,0.553712,3.730467,0.914669,3.438271,0.491369,,,,,,,,,,0.07226,5703569.0,Asia,SGP,66081.71992
Slovakia,SVK,0.208419,0.712434,0.235475,3.444251,0.67835,2.401999,2.500482,26.909904,76.08368,56.19745,69.502396,84.32788,51.572186,81.89657,54.726707,15.389589,,,Europe,,
Slovenia,SVN,0.211824,0.725343,0.239636,3.449773,0.906052,2.863278,2.246827,,,,,,,,,9.423891,0.0482,2088385.0,Europe,SVN,26042.44635
Solomon Islands,SLB,0.210462,0.427707,0.094189,3.214828,0.703739,3.153068,1.134592,,,,,,,,,,,674993.0,Oceania,SLB,2398.77305
Somalia,SOM,0.153912,0.620442,0.079896,3.568698,0.497894,3.784748,1.538571,,,,,,,,,,,15981300.0,Africa,SOM,589.4658919
South Africa,ZAF,0.181937,0.636613,0.214718,3.99283,0.921499,3.745871,1.550514,62.38304,76.17302,55.83901,70.64971,83.09552,47.996967,66.659195,49.911667,18.588274,0.07234,58087055.0,Africa,ZAF,6702.526617
South Asia,,0.257193,0.562156,0.155251,3.455893,0.540559,3.566448,1.209075,,,,,,,,,,,1861598514.0,,SAS,1965.090614
South Korea,KOR,0.263994,0.569459,0.417103,3.778005,0.914319,3.165684,2.02005,18.567822,67.64175,45.70268,45.7664,58.99228,46.21585,69.80932,55.34473,11.832521,0.38938,,Asia,,
South Sudan,SSD,0.168801,0.625867,0.134608,3.553077,0.502398,3.699147,1.548225,,,,,,,,,,0.00842,10447666.0,Africa,SSD,
Southeast Asia,,0.231524,0.541305,0.14565,3.164195,0.643613,2.807239,0.917453,,,,,,,,,,,,,,
"Southeast Asia, East Asia, and Oceania",,0.303991,0.389567,0.154266,3.061018,0.964306,3.180873,1.147284,,,,,,,,,,,,,,
Southern Latin America,,0.199042,0.778532,0.407336,6.281627,1.069045,3.772206,1.967898,,,,,,,,,,,,,,
Southern Sub-Saharan Africa,,0.177591,0.631753,0.196458,3.798155,0.88095,3.692727,1.553901,,,,,,,,,,,,,,
Spain,ESP,0.281539,0.976917,0.730626,5.280279,1.468868,3.538359,0.885003,18.188236,73.65014,39.301422,57.077297,87.31633,72.852615,77.59471,74.324295,21.567234,1.02807,47134837.0,Europe,ESP,29581.51855
Sri Lanka,LKA,0.238045,0.569095,0.159144,3.369917,0.665203,3.44333,0.950453,79.540665,74.81159,37.734955,49.514526,84.744804,44.99341,82.962746,18.156517,20.327734,0.14966,21803000.0,Asia,LKA,4082.694049
Sub-Saharan Africa,,0.169483,0.629672,0.13409,3.30785,0.535481,3.776132,1.309799,,,,,,,,,,,1121549049.0,,SSF,1632.082812
Sudan,SDN,0.176167,0.747536,0.147025,4.899048,1.408446,3.781451,0.645813,,,,,,,,,,,43232093.0,Africa,SDN,748.0109253
Suriname,SUR,0.186999,0.869735,0.307738,4.56807,0.701883,3.973583,1.76127,,,,,,,,,,,600301.0,South America,SUR,6690.044786
Swaziland,SWZ,0.172883,0.608545,0.189604,3.484456,0.781635,4.067654,1.704301,,,,,,,,,,,,Africa,,
Sweden,SWE,0.270392,1.05793,0.574608,5.293837,0.729285,4.487911,1.586588,9.442642,67.1728,52.484837,46.703934,90.40839,59.277653,80.76854,65.36293,24.694782,,10278887.0,Europe,SWE,51939.42974
Switzerland,CHE,0.262487,0.953996,0.573969,5.359393,1.006218,3.70806,1.37969,20.070494,53.449474,42.19981,47.841877,75.75294,72.21736,84.05732,78.26236,16.194988,0.25241,8575280.0,Europe,CHE,84121.93103
Syria,SYR,0.188966,0.809811,0.159349,4.974985,1.510989,3.582073,0.621551,,,,,,,,,,0.01601,,Asia,,
Taiwan,TWN,0.262939,0.352169,0.240476,3.444566,0.929592,3.016543,2.085573,,,,,,,,,2.933675,,,Asia,,
Tajikistan,TJK,0.182117,0.666266,0.118226,2.524336,0.470767,2.563961,2.175247,,,,,,,,,,0.12868,9337003.0,Asia,TJK,889.0233407
Tanzania,TZA,0.165215,0.626014,0.129857,3.636165,0.518625,3.685748,1.550497,58.527775,75.081635,47.290234,53.929363,80.421844,44.095016,37.83041,27.042412,26.266624,0.00928,59872579.0,Africa,TZA,1050.931763
Thailand,THA,0.234879,0.543035,0.173202,3.329594,0.846268,3.085057,0.912775,48.769737,89.74872,54.263374,60.922714,81.801636,48.773006,76.00019,34.6944,10.193312,0.15148,71307763.0,Asia,THA,7628.576033
Timor,TLS,0.204231,0.502839,0.110934,3.232661,0.632557,3.139087,0.823885,,,,,,,,,,,,,,
Togo,TGO,0.164575,0.629457,0.108107,2.910945,0.488984,3.656725,0.9653,,,,,,,,,,0.10786,8243094.0,Africa,TGO,848.310125
Tonga,TON,0.235881,0.462664,0.125706,3.297507,0.762905,2.91897,1.136432,,,,,,,,,,0.94017,104951.0,Oceania,TON,4878.978686
Trinidad and Tobago,TTO,0.1776,0.898339,0.389696,4.629351,0.731199,3.329938,1.718141,,,,,,,,,,,1519955.0,North America,TTO,15642.40672
Tropical Latin America,,0.205442,1.10578,0.275815,6.067563,1.044754,3.287515,2.675569,,,,,,,,,,,,,,
Tunisia,TUN,0.198099,0.838771,0.200172,5.072361,1.70385,3.915189,0.65195,28.068096,55.969093,29.972229,55.677906,67.43499,29.997808,66.421394,20.863941,32.737732,,12049314.0,Africa,TUN,3477.836181
Turkey,TUR,0.221252,0.84877,0.308941,3.9134,1.535723,3.718658,0.778079,28.25184,55.197144,21.625143,48.28742,74.642845,48.557346,75.45285,42.53479,21.156303,0.45483,,Europe,,
Turkmenistan,TKM,0.19734,0.668585,0.201477,2.567311,0.517776,2.823086,2.47785,,,,,,,,,,,6158420.0,Asia,TKM,7344.880204
Uganda,UGA,0.160208,0.61042,0.119309,3.526626,0.542832,4.918028,1.295986,64.03269,66.05248,60.669,68.302414,81.37971,39.75472,53.531807,31.367619,11.269754,0.03238,42949080.0,Africa,UGA,823.0247329
Ukraine,UKR,0.190966,0.687572,0.172715,2.94177,0.711814,4.071915,4.686883,27.202133,67.78508,40.182926,55.50576,68.07142,34.739998,81.58315,21.743122,26.940044,0.0515,44474512.0,Europe,UKR,3661.457764
United Arab Emirates,ARE,0.210718,0.806413,0.262207,4.263912,2.915549,2.877426,0.755908,49.15984,80.986725,55.355423,54.70345,79.77137,29.405935,75.7897,25.204256,17.419088,0.05462,9211657.0,Asia,ARE,45376.17084
United Kingdom,GBR,0.262952,1.086838,0.543054,4.649861,1.664,4.119524,1.897052,40.922478,85.09124,53.808205,51.439003,72.84443,76.715744,76.0082,84.33688,26.43907,,66836327.0,Europe,GBR,42662.53537
United States of America,USA,0.33389,0.651236,0.512844,6.635055,3.452476,4.83561,2.040087,56.357536,76.839806,56.91862,64.25587,80.09102,67.084915,84.3986,70.85373,21.262445,0.34914,,,,
United States Virgin Islands,VIR,0.216789,0.934872,0.473119,4.718338,0.814065,2.925182,2.232576,,,,,,,,,,,,,,
Uruguay,URY,0.198965,0.781817,0.405502,6.317738,0.918533,3.617574,1.193835,31.846924,71.38824,45.104134,65.167366,80.10275,58.520935,72.80397,65.675545,22.862408,0.69939,3428409.0,South America,URY,18149.05629
Uzbekistan,UZB,0.188464,0.669193,0.153735,2.560435,0.48122,2.886924,1.888153,17.447626,69.6395,47.46711,58.930195,71.34779,61.056923,75.81158,17.23869,27.363058,0.01291,33580350.0,Asia,UZB,1795.201768
Vanuatu,VUT,0.214734,0.427419,0.106462,3.218816,0.698906,3.122695,1.213941,,,,,,,,,,0.75585,304404.0,Oceania,VUT,3076.589886
Venezuela,VEN,0.205537,0.779803,0.28269,2.866789,0.64577,2.814584,1.370216,54.641083,79.48106,67.12808,79.11776,87.47985,36.114902,78.55409,34.1905,38.228786,,,South America,,
Vietnam,VNM,0.244663,0.552653,0.128466,2.066871,0.693534,2.87945,1.739466,26.911486,84.59566,64.33992,64.91945,87.42293,47.534718,70.14963,21.627087,31.155293,0.0171,,Asia,,
Wales,,0.2516,0.939463,0.499407,4.776627,1.563404,4.069289,1.676438,,,,,,,,,,,,,,
Western Europe,,0.26096,0.94247,0.575873,5.705456,1.134884,3.924404,1.363893,,,,,,,,,,,,,,
Western Sub-Saharan Africa,,0.17534,0.637776,0.142431,2.908183,0.488562,3.699654,0.968598,,,,,,,,,,,,,,
World,OWID_WRL,0.254055,0.598083,0.211304,3.764811,0.941628,3.441087,1.396497,43.077442,72.66484,53.424976,62.49682,78.01984,48.85285,71.10655,43.382866,19.017418,,7742724795.0,,WLD,11358.47866
Yemen,YEM,0.171691,0.735682,0.132623,4.857207,1.414725,4.012346,0.634413,,,,,,,,,,0.02601,,Asia,,
Zambia,ZMB,0.165866,0.605972,0.142768,3.599714,0.515972,3.641811,1.633243,77.35696,73.74495,62.150967,70.076294,85.21131,35.759483,62.21714,29.777609,40.395424,0.06211,18380477.0,Africa,ZMB,1268.120941
Zimbabwe,ZWE,0.157963,0.611242,0.124443,3.110926,0.772648,3.192789,1.510943,63.313522,63.667732,38.669662,52.760998,93.6826,41.948612,64.34553,12.301043,26.95273,0.02535,15354608.0,Africa,ZWE,1421.868596
Africa,,,,1244221952.0,,,,,63.71511,66.226456,47.92869,63.704567,79.290146,39.97995,55.857964,25.937761,19.692047,,,,,
Anguilla,AIA,,,15000.0,,,,,,,,,,,,,,,,,,
Aruba,ABW,,,105000.0,,,,,,,,,,,,,,,106442.0,,ABW,31902.80982
Asia,,,,4519040000.0,,,,,40.451416,72.909424,55.29829,59.814823,77.5206,46.9011,69.86946,39.313957,16.018984,,,,,
Bonaire Sint Eustatius and Saba,BES,,,25000.0,,,,,,,,,,,,,,,,,,
British Virgin Islands,VGB,,,30000.0,,,,,,,,,,,,,,,30610.0,,VGB,
Cayman Islands,CYM,,,63000.0,,,,,,,,,,,,,,,66134.0,,CYM,89846.3211
Channel Islands,OWID_CIS,,,169000.0,,,,,,,,,,,,,,,169410.0,,CHI,58564.3501
Cook Islands,COK,,,18000.0,,,,,,,,,,,,,,,,,,
Curacao,CUW,,,162000.0,,,,,,,,,,,,,,,157441.0,,CUW,19220.6867
Europe,,,,745414976.0,,,,,23.166454,69.62715,45.405403,57.2798,77.74236,57.03305,77.93554,55.4842,22.802452,,,,,
Faeroe Islands,FRO,,,48000.0,,,,,,,,,,,,,,,,,,
Falkland Islands,FLK,,,3000.0,,,,,,,,,,,,,,,,,,
French Guiana,GUF,,,275000.0,,,,,,,,,,,,,,,,,,
French Polynesia,PYF,,,276000.0,,,,,,,,,,,,,,,299717.0,,PYF,20093.20858
Gibraltar,GIB,,,34000.0,,,,,,,,,,,,,,,32685.0,,GIB,
Guadeloupe,GLP,,,400000.0,,,,,,,,,,,,,,,,,,
Hong Kong,HKG,,,7306000.0,,,,,34.004066,74.467674,41.836918,49.445797,71.51011,49.401466,63.91061,55.96541,10.020943,,,Asia,,
Isle of Man,IMN,,,84000.0,,,,,,,,,,,,,,,83933.0,,IMN,87152.46526
Latin America,,,,636233024.0,,,,,,,,,,,,,,,,,,
Liechtenstein,LIE,,,38000.0,,,,,,,,,,,,,,,38482.0,Europe,LIE,167259.1603
Macao,MAC,,,623000.0,,,,,,,,,,,,,,,,,,
Martinique,MTQ,,,376000.0,,,,,,,,,,,,,,,,,,
Mayotte,MYT,,,253000.0,,,,,,,,,,,,,,,,,,
Monaco,MCO,,,38000.0,,,,,,,,,,,,,,2.61049,37034.0,Europe,MCO,199382.8386
Montserrat,MSR,,,5000.0,,,,,,,,,,,,,,,,,,
Nauru,NRU,,,11000.0,,,,,,,,,,,,,,,12132.0,Oceania,NRU,10316.52782
New Caledonia,NCL,,,277000.0,,,,,,,,,,,,,,,271240.0,,NCL,34934.57943
Niue,NIU,,,2000.0,,,,,,,,,,,,,,,,,,
Palau,PLW,,,18000.0,,,,,,,,,,,,,,,17916.0,Oceania,PLW,15730.55955
Reunion,REU,,,876000.0,,,,,,,,,,,,,,,,,,
Saint Barthlemy,,,,10000.0,,,,,,,,,,,,,,,,,,
Saint Helena,SHN,,,6000.0,,,,,,,,,,,,,,,,,,
Saint Kitts and Nevis,KNA,,,52000.0,,,,,,,,,,,,,,3.68406,,North America,,
Saint Martin (French part),MAF,,,37000.0,,,,,,,,,,,,,,,,,,
Saint Pierre and Miquelon,SPM,,,6000.0,,,,,,,,,,,,,,,,,,
San Marino,SMR,,,34000.0,,,,,,,,,,,,,,,34178.0,Europe,SMR,47287.39839
Sint Maarten (Dutch part),SXM,,,41000.0,,,,,,,,,,,,,,,39648.0,,SXM,35509.49473
Tokelau,TKL,,,1000.0,,,,,,,,,,,,,,,,,,
Turks and Caicos Islands,TCA,,,37000.0,,,,,,,,,,,,,,,43080.0,,TCA,27327.88328
Tuvalu,TUV,,,11000.0,,,,,,,,,,,,,,,10956.0,Oceania,TUV,4940.050983
Vatican,VAT,,,1000.0,,,,,,,,,,,,,,,,,,
Wallis and Futuna,WLF,,,12000.0,,,,,,,,,,,,,,,,,,
Western Sahara,ESH,,,553000.0,,,,,,,,,,,,,,,,,,
